time_stemp,temperature,humidity,fire_state
23:29:13,42467328.0,61.03125,1.001922607421875
23:49:11,42467328.0,61.03125,1.001922607421875
